{"cameraMode":{"drawMode":0,"name":"Shaded","section":"Shading Mode"},"sceneLighting":false,"audioPlay":false,"sceneViewState":{"showFog":true,"showMaterialUpdate":false,"showSkybox":false,"showFlares":true,"showImageEffects":true,"showParticleSystems":true},"in2DMode":false,"pivot":{"x":16.327903747558595,"y":-3.3687820434570314,"z":-8.997516632080079},"rotation":{"x":0.04426933452486992,"y":0.867759108543396,"z":-0.07857931405305863,"w":0.4887935221195221},"size":10.0,"orthographic":false}