{"cameraMode":{"drawMode":0,"name":"Shaded","section":"Shading Mode"},"sceneLighting":false,"audioPlay":false,"sceneViewState":{"showFog":true,"showMaterialUpdate":false,"showSkybox":false,"showFlares":true,"showImageEffects":true,"showParticleSystems":true},"in2DMode":false,"pivot":{"x":3.725290298461914e-9,"y":-0.04050246626138687,"z":0.020993810147047044},"rotation":{"x":0.0020701135508716108,"y":0.9903688430786133,"z":-0.13785944879055024,"w":0.014840382151305676},"size":0.06172174960374832,"orthographic":false}