{"cameraMode":{"drawMode":0,"name":"Shaded","section":"Shading Mode"},"sceneLighting":true,"audioPlay":false,"sceneViewState":{"showFog":true,"showMaterialUpdate":false,"showSkybox":true,"showFlares":true,"showImageEffects":true,"showParticleSystems":true},"in2DMode":false,"pivot":{"x":16.19356918334961,"y":23.953569412231447,"z":-29.354785919189454},"rotation":{"x":-0.2556733191013336,"y":-0.22177113592624665,"z":0.0603690966963768,"w":-0.9390906095504761},"size":1.8759654760360718,"orthographic":false}