{"cameraMode":{"drawMode":0,"name":"Shaded","section":"Shading Mode"},"sceneLighting":true,"audioPlay":false,"sceneViewState":{"showFog":true,"showMaterialUpdate":false,"showSkybox":true,"showFlares":true,"showImageEffects":true,"showParticleSystems":true},"in2DMode":false,"pivot":{"x":123.13077545166016,"y":275.81292724609377,"z":8.40980339050293},"rotation":{"x":0.45611730217933657,"y":0.2549575865268707,"z":-0.1383868157863617,"w":0.8413681983947754},"size":8.811838150024414,"orthographic":false}