{"cameraMode":{"drawMode":0,"name":"Shaded","section":"Shading Mode"},"sceneLighting":true,"audioPlay":false,"sceneViewState":{"showFog":true,"showMaterialUpdate":false,"showSkybox":false,"showFlares":true,"showImageEffects":true,"showParticleSystems":true},"in2DMode":false,"pivot":{"x":-1.0755939483642579,"y":-0.34454110264778139,"z":-0.016345780342817308},"rotation":{"x":0.058566294610500339,"y":-0.8782877326011658,"z":0.11153674870729447,"w":0.46128326654434206},"size":2.300950765609741,"orthographic":false}