{"cameraMode":{"drawMode":0,"name":"Shaded","section":"Shading Mode"},"sceneLighting":false,"audioPlay":false,"sceneViewState":{"showFog":true,"showMaterialUpdate":false,"showSkybox":false,"showFlares":true,"showImageEffects":true,"showParticleSystems":true},"in2DMode":false,"pivot":{"x":0.0,"y":0.722000002861023,"z":0.5799999237060547},"rotation":{"x":0.23323552310466767,"y":-0.5834996104240418,"z":0.17964327335357667,"w":0.7569354772567749},"size":5.627737522125244,"orthographic":false}