{"cameraMode":{"drawMode":0,"name":"Shaded","section":"Shading Mode"},"sceneLighting":true,"audioPlay":false,"sceneViewState":{"showFog":true,"showMaterialUpdate":false,"showSkybox":true,"showFlares":true,"showImageEffects":true,"showParticleSystems":true},"in2DMode":false,"pivot":{"x":122.93355560302735,"y":278.3960876464844,"z":7.734107971191406},"rotation":{"x":-0.013188528828322888,"y":0.01980944164097309,"z":0.00012655842874664813,"w":0.9997649788856506},"size":542.9133911132813,"orthographic":false}