{"cameraMode":{"drawMode":0,"name":"Shaded","section":"Shading Mode"},"sceneLighting":false,"audioPlay":false,"sceneViewState":{"showFog":false,"showMaterialUpdate":false,"showSkybox":false,"showFlares":false,"showImageEffects":false,"showParticleSystems":false},"in2DMode":false,"pivot":{"x":-0.3843459188938141,"y":-0.6148360371589661,"z":-0.0101318359375},"rotation":{"x":0.5417317748069763,"y":0.0008411540766246617,"z":0.008535360917448998,"w":0.8405430912971497},"size":1.8365287780761719,"orthographic":false}