{"cameraMode":{"drawMode":0,"name":"Shaded","section":"Shading Mode"},"sceneLighting":true,"audioPlay":false,"sceneViewState":{"showFog":true,"showMaterialUpdate":true,"showSkybox":true,"showFlares":true,"showImageEffects":true,"showParticleSystems":true},"in2DMode":false,"pivot":{"x":-9.441755294799805,"y":-2.4972715377807619,"z":2.7108473777770998},"rotation":{"x":-0.23006747663021089,"y":0.5097918510437012,"z":-0.1533452272415161,"w":-0.8147116303443909},"size":13.852628707885743,"orthographic":false}